"""Location",River,Code,Longitude,Latitude,Capacity (acre-feet),Drainage area (square miles),Year completed,Type,Owner,Source Page,"""Reservoir",Creek/River,Lat,Long,Area,Volume,Year Built,"""State",Lake/River,Year,Entity,Name of Reservoir,Stream and Station No.,Basin Index and Latitude,Drainage Area (Square Miles),Storage in Acre-Feet,Usable,Use,Storage Records Published,"""Name of reservoir",Location and Basin,stream index and station no,Surface area (acres),Storage in acre-feet,Related River,Authority,Stream Index and Station No,Latitude and Longitude,Drainage Area (square miles),Dead Storage in acre feet,Total Storage in acre feet,Usable Storage in acre feet,Storage Ratio,Year Completed,Operator,Location,Reservoir Name,Stream,Basin Index and Station No,Square Miles,Usable Storage,Water Source,Coordinates,Drainage Basin,Index and ant stream station no,Date completed,Owner or operator,Storage records published,Basin Code,Surface (acres)
Paiited Rock,Gila River,OMF,33,113,53000,2000,1959,FIPR,Corps of Engineers,4,,,,,,,,,,,,,,,,,,,,,,,,,,,,,,,,,,,,,,,,,,,,,,,,,,
Picacho,McClellan Wash c/,09-5197,32,111,5824,7315,1956,FIPR,Bureau of Indian Affairs,4,,,,,,,,,,,,,,,,,,,,,,,,,,,,,,,,,,,,,,,,,,,,,,,,,,
Roosevelt,Salt River,9ME,33,111,6211,1264,1911,IP,Salt River Valley Water Users Assoc,4,,,,,,,,,,,,,,,,,,,,,,,,,,,,,,,,,,,,,,,,,,,,,,,,,,
Saguaro Lake (Stewart Mountain Dam),Salt River,09-5010,33,111,12886,19580,1930,CFR,Salt River Valley Water Users Assoc,4,,,,,,,,,,,,,,,,,,,,,,,,,,,,,,,,,,,,,,,,,,,,,,,,,,
San Carlos (Coolidge Dam),Gila River,9MC,33,110,225,2230,1928,FPR,Bureau of Indian Affairs,4,,,,,,,,,,,,,,,,,,,,,,,,,,,,,,,,,,,,,,,,,,,,,,,,,,
Trilby Wash detention basin (McMicken Dam),Trilby Wash and other washes,09-4690,33,112,144,819,1956,FPR,Corps of Engineers,4,,,,,,,,,,,,,,,,,,,,,,,,,,,,,,,,,,,,,,,,,,,,,,,,,,
Whitlow Ranch,Queen Creek,OMF,33,111,488,520,1960,FPR,Corps of Engineers,4,,,,,,,,,,,,,,,,,,,,,,,,,,,,,,,,,,,,,,,,,,,,,,,,,,
Bear Creek Lake,Bear Creek,09-5136,34,90,6036,11000,1938,FPR,US Forest Service,4,,,,,,,,,,,,,,,,,,,,,,,,,,,,,,,,,,,,,,,,,,,,,,,,,,
Blue Mountain,Petit Jean Creek,OME,35,93,1146,71240,1947,PA,Corps of Engineers,4,,,,,,,,,,,,,,,,,,,,,,,,,,,,,,,,,,,,,,,,,,,,,,,,,,
Bull Shoals,White River,09-4785,36,92,1516,40500,1951,PA,Corps of Engineers,4,,,,,,,,,,,,,,,,,,,,,,,,,,,,,,,,,,,,,,,,,,,,,,,,,,
Greers Ferry,Little Red River,7GE,35,91,144,1940,Under const,PA,Corps of Engineers,4,,,,,,,,,,,,,,,,,,,,,,,,,,,,,,,,,,,,,,,,,,,,,,,,,,
Lake Catherine (Remmel Dam),Quachita River,7FB,34,92,237,438,1925,PA,Arkansas Power and Light Co,4,,,,,,,,,,,,,,,,,,,,,,,,,,,,,,,,,,,,,,,,,,,,,,,,,,
Lake Fort Smith,Frog Bayou,07-2590,35,94,1441,9800,1936,PA,City of Fort Smith Water Department,4,,,,,,,,,,,,,,,,,,,,,,,,,,,,,,,,,,,,,,,,,,,,,,,,,,
Lake Greeson (Narrows Dam),Little Missouri River,THA,34,93,1105,7195,1931,PA,Corps of Engineers,4,,,,,,,,,,,,,,,,,,,,,,,,,,,,,,,,,,,,,,,,,,,,,,,,,,
Lake Hamilton (Carpenter Dam),Ouachita River,07-0545,34,93,65,40100,1953,PA,Arkansas Power and Light Co,4,,,,,,,,,,,,,,,,,,,,,,,,,,,,,,,,,,,,,,,,,,,,,,,,,,
Lake Ouachita,Ouachita River,THE,35,94,435,710,1957,PA,Corps of Engineers,4,,,,,,,,,,,,,,,,,,,,,,,,,,,,,,,,,,,,,,,,,,,,,,,,,,
Lake Sheppard Springs,Prog Bayou,07-0753,34,92,53200,1240,1938,PA,City of Fort Smith Water Department,4,,,,,,,,,,,,,,,,,,,,,,,,,,,,,,,,,,,,,,,,,,,,,,,,,,
Lake Winona,Alum Fork,07-3590,34,92,2000,3834,PA,"City of Little Rock""",,4,,,,,,,,,,,,,,,,,,,,,,,,,,,,,,,,,,,,,,,,,,,,,,,,,,
,,60L,,,,,,,Water Supply and Storage Co,18,Black Hollow,Cache la Poudre River,40,104,752,170100,1906,,,,,,,,,,,,,,,,,,,,,,,,,,,,,,,,,,,,,,,,,,,
,,06-7520 45,,,,,,,Smuggler Union Mining Co,18,Blue Lake No 1,Bridal Veil Creek tributary,37,107,385,13500,1911,,,,,,,,,,,,,,,,,,,,,,,,,,,,,,,,,,,,,,,,,,,
,,9EF,,,,,,,Bureau of Reclamation,18,Bonny,South Fork Republican River,39,102,62,60000,1951,,,,,,,,,,,,,,,,,,,,,,,,,,,,,,,,,,,,,,,,,,,
,,09-1711 45,,,,,,,Northern Colorado Water Conservancy District,18,Boulder,Dry Creek,40,105,a50,116800,1955,,,,,,,,,,,,,,,,,,,,,,,,,,,,,,,,,,,,,,,,,,,
,,6RK,,,,,,,Boyd Lake Reservair and Irrig Co,18,Boyd Lake,Big Thompson River,40,105,963,79060,1902,,,,,,,,,,,,,,,,,,,,,,,,,,,,,,,,,,,,,,,,,,,
,,06-8260 00,,,,,,,Union Reservoir Co,18,Calkins Lake (Union),St Vrain Creek,40,105,5036,95960,1902,,,,,,,,,,,,,,,,,,,,,,,,,,,,,,,,,,,,,,,,,,,
,,607,,,,,,,Bureau of Reclamation,18,Carter Lake,Water from Colorado River basin,40,105,2022,23980,1952,,,,,,,,,,,,,,,,,,,,,,,,,,,,,,,,,,,,,,,,,,,
,,06-7253 45,,,,,,,Water Supply and Storage Co,18,Chambers Lake,Joe Wright and Trap Creeks Fali River,40,105,950,97780,1882,,,,,,,,,,,,,,,,,,,,,,,,,,,,,,,,,,,,,,,,,,,
,,60G,,,,,,,City of Denver,18,Cheesman Lake,South Platte River,39,105,1161,7480,1900,,,,,,,,,,,,,,,,,,,,,,,,,,,,,,,,,,,,,,,,,,,
,,06-7413 57,,,,,,,Corps of Engineers,18,Cherry Creek,Cherry Creek,39,104,281,6014,1950,,,,,,,,,,,,,,,,,,,,,,,,,,,,,,,,,,,,,,,,,,,
,,607,,,,,,,Pueblo Water Works,18,Clear Creek,Clear Creek,39,106,871,168700,1902,,,,,,,,,,,,,,,,,,,,,,,,,,,,,,,,,,,,,,,,,,,
,,06-7242 45,,,,,,,Windsor Reservoir and Canal Co,18,Cobb Lake,Cache la Poudre River,40,104,2634,15500,1919,,,,,,,,,,,,,,,,,,,,,,,,,,,,,,,,,,,,,,,,,,,
,,60G,,,,,,,Santa Maria Reser- voir Co,18,Continental,North Clear Creek,37,107,414,31200,1901,,,,,,,,,,,,,,,,,,,,,,,,,,,,,,,,,,,,,,,,,,,
,,06-7425 00,,,,,,,Pete Middlemist Huerfano Valley Ditch Co,18,Cove Lake,San Antonio River,37,105,773,12740,1893,,,,,,,,,,,,,,,,,,,,,,,,,,,,,,,,,,,,,,,,,,,
,,60K,,,,,,,Windsor Reservoir and Canal Co,18,Cucharas Valley,Cucharas River,37,104,839,113500,1906,,,,,,,,,,,,,,,,,,,,,,,,,,,,,,,,,,,,,,,,,,,
,,06-7465 45,,,,,,,West Colorado Power Co,18,Douglass Lake,Cache la Poudre River,40,105,3405,8820,1901,,,,,,,,,,,,,,,,,,,,,,,,,,,,,,,,,,,,,,,,,,,
,,60c,,,,,,,City of Denver,18,Electra Lake,Little Cascade and Elbert Creeks,37,107,170100,79060,1902,,,,,,,,,,,,,,,,,,,,,,,,,,,,,,,,,,,,,,,,,,,
,,06-7010 00,,,,,,,"PA""",18,Elevenmile Canyon,South Platte River,38,105,95960,95960,1932,,,,,,,,,,,,,,,,,,,,,,,,,,,,,,,,,,,,,,,,,,,
,,7DC,,,,,,,,32,,,,,,,,Kansas,Lake Bluestem,1954,City of El Dorado,,,,,,,,,,,,,,,,,,,,,,,,,,,,,,,,,,,,,,,
,,07-1466 20,,,,,,,,32,,,,,,,,Kansas,Harrison Creek,1909,Great Eastern Canal Co,,,,,,,,,,,,,,,,,,,,,,,,,,,,,,,,,,,,,,,
,,7DA,,,,,,,,32,,,,,,,,Kansas,Lake McKinney,1957,Bureau of Reclamation,,,,,,,,,,,,,,,,,,,,,,,,,,,,,,,,,,,,,,,
,,07-1385 10,,,,,,,,32,,,,,,,,Kansas,Arkansas River,1905,Empire District Electric Co,,,,,,,,,,,,,,,,,,,,,,,,,,,,,,,,,,,,,,,
,,6RP,,,,,,,,32,,,,,,,,Kansas,Lovewell,1958,City of Parsons,,,,,,,,,,,,,,,,,,,,,,,,,,,,,,,,,,,,,,,
,,06-8539 00,,,,,,,,32,,,,,,,,Kansas,White Rock Creek and diversion,1937,Shawnee County,,,,,,,,,,,,,,,,,,,,,,,,,,,,,,,,,,,,,,,
,,7ED,,,,,,,,32,,,,,,,,Kansas,Lowell (Riverton),1960,Corps of Engineers,,,,,,,,,,,,,,,,,,,,,,,,,,,,,,,,,,,,,,,
,,07-1875 80,,,,,,,,32,,,,,,,,Kansas,Spring River and Shoal Creek,1962,Corps of Engineers,,,,,,,,,,,,,,,,,,,,,,,,,,,,,,,,,,,,,,,
,,TED,,,,,,,,32,,,,,,,,Kansas,Parsons,1956,Bureau of Reclamation,,,,,,,,,,,,,,,,,,,,,,,,,,,,,,,,,,,,,,,
,,07-1844 80,,,,,,,,32,,,,,,,,Kansas,Labette Creek,1941,Wyandotte County,,,,,,,,,,,,,,,,,,,,,,,,,,,,,,,,,,,,,,,
,,6RT,,,,,,,,32,,,,,,,,Kansas,Shawnee Lake,1960,Corps of Engineers,,,,,,,,,,,,,,,,,,,,,,,,,,,,,,,,,,,,,,,
,,06-8896 00,,,,,,,,32,,,,,,,,Kansas,Deer Creek,1949,Corps of Engineers,,,,,,,,,,,,,,,,,,,,,,,,,,,,,,,,,,,,,,,
,,7EB,,,,,,,,32,,,,,,,,Kansas,Toronto,1925,Kentucky Utilities Co,,,,,,,,,,,,,,,,,,,,,,,,,,,,,,,,,,,,,,,
,,07-1659 00,,,,,,,,32,,,,,,,,Kansas,Verdigris River,1944,Tennessee Valley Authority,,,,,,,,,,,,,,,,,,,,,,,,,,,,,,,,,,,,,,,
,,6RS,,,,,,,,32,,,,,,,,Kansas,Tuttle Creek,1950,Corps of Engineers,,,,,,,,,,,,,,,,,,,,,,,,,,,,,,,,,,,,,,,
,,06-8869 00,,,,,,,,32,,,,,,,,Kansas,Big Blue River,1958,Corps of Engineers,,,,,,,,,,,,,,,,,,,,,,,,,,,,,,,,,,,,,,,
,,6RE,,,,,,,,32,,,,,,,,Kansas,Webster,1951,Anacoco Prairie Game and Pish Commission,,,,,,,,,,,,,,,,,,,,,,,,,,,,,,,,,,,,,,,
,,06-8731 00,,,,,,,,32,,,,,,,,Kansas,South Fork Solomon River,,,,,,,,,,,,,,,,,,,,,,,,,,,,,,,,,,,,,,,,,
,,6PE,,,,,,,,32,,,,,,,,Kansas,Wyandotte County Lake,,,,,,,,,,,,,,,,,,,,,,,,,,,,,,,,,,,,,,,,,
,,06-8212 55,,,,,,,,32,,,,,,,,Kentucky,Marshall Creek,,,,,,,,,,,,,,,,,,,,,,,,,,,,,,,,,,,,,,,,,
,,3LC,,,,,,,,32,,,,,,,,Kentucky,Buckhorn,,,,,,,,,,,,,,,,,,,,,,,,,,,,,,,,,,,,,,,,,
,,03-2808 00,,,,,,,,32,,,,,,,,Kentucky,Middle Fork Kentucky River,,,,,,,,,,,,,,,,,,,,,,,,,,,,,,,,,,,,,,,,,
,,3GL,,,,,,,,32,,,,,,,,Kentucky,Dewey,,,,,,,,,,,,,,,,,,,,,,,,,,,,,,,,,,,,,,,,,
,,03-2110 00,,,,,,,,32,,,,,,,,Kentucky,Johns Creek,,,,,,,,,,,,,,,,,,,,,,,,,,,,,,,,,,,,,,,,,
,,3LG,,,,,,,,32,,,,,,,,Kentucky,Herrington Lake (Dix Dam),,,,,,,,,,,,,,,,,,,,,,,,,,,,,,,,,,,,,,,,,
,,03-2860 00,,,,,,,,32,,,,,,,,Kentucky,Dix River,,,,,,,,,,,,,,,,,,,,,,,,,,,,,,,,,,,,,,,,,
,,awd,,,,,,,,32,,,,,,,,Kentucky,Kentucky Lake,,,,,,,,,,,,,,,,,,,,,,,,,,,,,,,,,,,,,,,,,
,,03-6090 00,,,,,,,,32,,,,,,,,Kentucky,Tennessee River,,,,,,,,,,,,,,,,,,,,,,,,,,,,,,,,,,,,,,,,,
,,3RF,,,,,,,,32,,,,,,,,Kentucky,Lake Cumberland (Wolf Creek Dam),,,,,,,,,,,,,,,,,,,,,,,,,,,,,,,,,,,,,,,,,
,,03-4155 00,,,,,,,,32,,,,,,,,Kentucky,Cumberland River,,,,,,,,,,,,,,,,,,,,,,,,,,,,,,,,,,,,,,,,,
,,3NG,,,,,,,,32,,,,,,,,Kentucky,Rough River,,,,,,,,,,,,,,,,,,,,,,,,,,,,,,,,,,,,,,,,,
,,03-3180 05,,,,,,,,32,,,,,,,,Louisiana,Anacoco Lake,,,,,,,,,,,,,,,,,,,,,,,,,,,,,,,,,,,,,,,,,
,,8B0A,,,,,,,,32,,,,,,,,Louisiana,Bayou Anacoco,,"""",,,,,,,,,,,,,,,,,,,,,,,,,,,,,,,,,,,,,,,
MAINE--Continued 4,,,,,,,,,NA,35,,,,,,,,,,,,Crotched Pond,NA,LDe 44 25,NA,10700,NA,NA,NA,,,,,,,,,,,,,,,,,,,,,,,,,,,,,,,
MAINE--Continued 4,,,,,,,,,NA,35,,,,,,,,,,,,Dead River,01-0552 00,70 02,NA,13100,NA,NA,NA,,,,,,,,,,,,,,,,,,,,,,,,,,,,,,,
MAINE--Continued 4,,,,,,,,,NA,35,,,,,,,,,,,,Damariscotta Lake,NA,1cA 44 04,NA,6300,NA,NA,NA,,,,,,,,,,,,,,,,,,,,,,,,,,,,,,,
MAINE--Continued 4,,,,,,,,,NA,35,,,,,,,,,,,,Damariscotta River,01-0379 00,69 32,NA,6100,NA,NA,NA,,,,,,,,,,,,,,,,,,,,,,,,,,,,,,,
MAINE--Continued 4,,,,,,,,,NA,35,,,,,,,,,,,,Ellis and McGrath Ponds,NA,1CE 44 31,NA,5550,NA,NA,NA,,,,,,,,,,,,,,,,,,,,,,,,,,,,,,,
MAINE--Continued 4,,,,,,,,,NA,35,,,,,,,,,,,,Tributary to Great Pond,01-0492 20,69 48,NA,21500,NA,NA,NA,,,,,,,,,,,,,,,,,,,,,,,,,,,,,,,
MAINE--Continued 4,,,,,,,,,NA,35,,,,,,,,,,,,Embden Pond,NA,icD 44 55,NA,276000,NA,NA,NA,,,,,,,,,,,,,,,,,,,,,,,,,,,,,,,
MAINE--Continued 4,,,,,,,,,NA,35,,,,,,,,,,,,Mill Stream,01-0471 00,69 56,NA,27000,NA,NA,NA,,,,,,,,,,,,,,,,,,,,,,,,,,,,,,,
MAINE--Continued 4,,,,,,,,,NA,35,,,,,,,,,,,,Estes Lake,NA,1DH 43 26,NA,140000,NA,NA,NA,,,,,,,,,,,,,,,,,,,,,,,,,,,,,,,
MAINE--Continued 4,,,,,,,,,NA,35,,,,,,,,,,,,Mousam River,01-0690 00,70 40,NA,105000,NA,NA,NA,,,,,,,,,,,,,,,,,,,,,,,,,,,,,,,
MAINE--Continued 4,,,,,,,,,NA,35,,,,,,,,,,,,First Roach Pond,NA,icB 45 41,NA,41000,NA,NA,NA,,,,,,,,,,,,,,,,,,,,,,,,,,,,,,,
MAINE--Continued 4,,,,,,,,,NA,35,,,,,,,,,,,,Roach River,01-0400 00,69 26,NA,161000,NA,NA,NA,,,,,,,,,,,,,,,,,,,,,,,,,,,,,,,
MAINE--Continued 4,,,,,,,,,NA,35,,,,,,,,,,,,Flagstaff Lake,NA,1cD 45 13,NA,11800,NA,NA,NA,,,,,,,,,,,,,,,,,,,,,,,,,,,,,,,
MAINE--Continued 4,,,,,,,,,NA,35,,,,,,,,,,,,Dead River,01-0430 00,70 12,NA,88000,NA,NA,NA,,,,,,,,,,,,,,,,,,,,,,,,,,,,,,,
MAINE--Continued 4,,,,,,,,,NA,35,,,,,,,,,,,,Gardner Lake,NA,1BB 44 45,NA,49000,NA,NA,NA,,,,,,,,,,,,,,,,,,,,,,,,,,,,,,,
MAINE--Continued 4,,,,,,,,,NA,35,,,,,,,,,,,,East Machias River,01-0221 00,67 20,NA,0S,NA,NA,NA,,,,,,,,,,,,,,,,,,,,,,,,,,,,,,,
MAINE--Continued 4,,,,,,,,,NA,35,,,,,,,,,,,,Graham Lake,NA,1BC 44 36,NA,o7,NA,NA,NA,,,,,,,,,,,,,,,,,,,,,,,,,,,,,,,
MAINE--Continued 4,,,,,,,,,NA,35,,,,,,,,,,,,Union River,01-0252 00,68 26,NA,06,NA,NA,NA,,,,,,,,,,,,,,,,,,,,,,,,,,,,,,,
MAINE--Continued 4,,,,,,,,,NA,35,,,,,,,,,,,,Grand Lake (Eastern) and North Lake,NA,IBA 45 50,NA,LP,NA,NA,NA,,,,,,,,,,,,,,,,,,,,,,,,,,,,,,,
MAINE--Continued 4,,,,,,,,,NA,35,,,,,,,,,,,,St Croix River,01-0182 00,67 46,NA,1921,NA,NA,NA,,,,,,,,,,,,,,,,,,,,,,,,,,,,,,,
MAINE--Continued 4,,,,,,,,,NA,35,,,,,,,,,,,,Grand Lake (Matagamon),NA,1BE 46 08,NA,1960,NA,NA,NA,,,,,,,,,,,,,,,,,,,,,,,,,,,,,,,
MAINE--Continued 4,,,,,,,,,NA,35,,,,,,,,,,,,East Branch Penobscot River,01-0290 00,68 47,NA,1914,NA,NA,NA,,,,,,,,,,,,,,,,,,,,,,,,,,,,,,,
MAINE--Continued 4,,,,,,,,,NA,35,,,,,,,,,,,,Grand Lake (Western),NA,IBA 45 10,NA,1928,NA,NA,NA,,,,,,,,,,,,,,,,,,,,,,,,,,,,,,,
MAINE--Continued 4,,,,,,,,,NA,35,,,,,,,,,,,,Grand Lake Stream,01-0190 00,67 46,NA,or,NA,NA,NA,,,,,,,,,,,,,,,,,,,,,,,,,,,,,,,
MAINE--Continued 4,,,,,,,,,NA,35,,,,,,,,,,,,Great East Lake,NA,1DI 43 35,NA,NA,NA,NA,NA,,,,,,,,,,,,,,,,,,,,,,,,,,,,,,,
MAINE--Continued 4,,,,,,,,,NA,35,,,,,,,,,,,,Salmon Falls River,01-0700 00,70 56,NA,NA,NA,NA,NA,,,,,,,,,,,,,,,,,,,,,,,,,,,,,,,
MAINE--Continued 4,,,,,,,,,NA,35,,,,,,,,,,,,Great Falls Flowage,NA,1BA 45 19,NA,NA,NA,NA,NA,,,,,,,,,,,,,,,,,,,,,,,,,,,,,,,
MAINE--Continued 4,,,,,,,,,NA,35,,,,,,,,,,,,St Croix River,01-0199 00,67 28,NA,NA,NA,NA,NA,,,,,,,,,,,,,,,,,,,,,,,,,,,,,,,
MAINE--Continued 4,,,,,,,,,NA,35,,,,,,,,,,,,Great Pond,NA,1CE 44 31,NA,NA,NA,NA,NA,,,,,,,,,,,,,,,,,,,,,,,,,,,,,,,
MAINE--Continued 4,,,,,,,,,"NA""",35,,,,,,,,,,,,Messalonskee Stream,01-0492 30,69 52,NA,NA,NA,NA,NA,,,,,,,,,,,,,,,,,,,,,,,,,,,,,,,
,,,69 43,00,,,,,LP,37,,,,,,,,,,,,,,,,,,,,Moosehead Lake,Kennebec River,01-0405,192000,310,,,,,,,,,,,,,,,,,,,,,,,,,,
,,,70 S2,00,,,,,Kennebec Log,37,,,,,,,,,,,,,,,,,,,,Mooselockmeguntic Lake (Upper Dam),Tributary to Rapid River,01-0510,30700,817,,,,,,,,,,,,,,,,,,,,,,,,,,
,,,70 51,00,,,,,Union Water Power co,37,,,,,,,,,,,,,,,,,,,,Mousam Lake,Mousam River,01-0685,223000,1864,,,,,,,,,,,,,,,,,,,,,,,,,,
,,,69 52,00,,,,,Town of Sanford,37,,,,,,,,,,,,,,,,,,,,Moxie Pond,Moxie Stream,01-0420,544900,30,,,,,,,,,,,,,,,,,,,,,,,,,,
,,,68 47,00,,,,,Moxie Associates,37,,,,,,,,,,,,,,,,,,,,North Twin Lake,West Branch Penobscot River,01-0270,9450,105,,,,,,,,,,,,,,,,,,,,,,,,,,
,,,70 28,00,,,,,Great Northern Paper Co,37,,,,,,,,,,,,,,,,,,,,Panther and Rattlesnake Ponds,Panther Run,01-0605,14700,101,,,,,,,,,,,,,,,,,,,,,,,,,,
,,,70 58,00,,,,,Brown Co,37,,,,,,,,,,,,,,,,,,,,Parmachenee Lake,Magalloway River,01-0519,344000,90,,,,,,,,,,,,,,,,,,,,,,,,,,
,,,70 32,00,,,,,Union Water Power Co,37,,,,,,,,,,,,,,,,,,,,Pleasant Lake and Parker Pond,Mile Brook,01-0615,9300,1410,,,,,,,,,,,,,,,,,,,,,,,,,,
,,,70 46,00,,,,,Great Northern Paper Co,37,,,,,,,,,,,,,,,,,,,,Rangeley Lake,Rangeley Stream,01-0505,10200,35,,,,,,,,,,,,,,,,,,,,,,,,,,
,,,69 10,00,,,,,Bangor Hydro-Electric Co,37,,,,,,,,,,,,,,,,,,,,Ripogenus Lake and others,West Branch Penobscot River,01-0270,6150,45,,,,,,,,,,,,,,,,,,,,,,,,,,
,,,70 06,00,,,,,S P Warren Co,37,,,,,,,,,,,,,,,,,,,,Sabattus Pond,Sabattus River,01-0591,30700,436,,,,,,,,,,,,,,,,,,,,,,,,,,
,,,68 S55,00,,,,,Co,37,,,,,,,,,,,,,,,,,,,,Schoodic Lake,Schoodic Stream,01-0341,977000,135,,,,,,,,,,,,,,,,,,,,,,,,,,
,,,70 27,00,,,,,Bangor Hydro-Electric Co,37,,,,,,,,,,,,,,,,,,,,Sebago Lake,Presumpscot River,01-0635,27500,327,,,,,,,,,,,,,,,,,,,,,,,,,,
,,,69 17,00,,,,,Driving Associates,37,,,,,,,,,,,,,,,,,,,,Sebasticook Lake,East Branch Sebasticook River,01-0489,223000,417,,,,,,,,,,,,,,,,,,,,,,,,,,
,,,69 06,00,,,,,Central Maine Power,37,,,,,,,,,,,,,,,,,,,,Sebec Lake,Sebec River,01-0325,20800,57,,,,,,,,,,,,,,,,,,,,,,,,,,
,,,67 26,00,,,,,"St Croix Paper Co""",37,,,,,,,,,,,,,,,,,,,,Spednik Lake,St Croix River,01-0184,74100,187,,,,,,,,,,,,,,,,,,,,,,,,,,
Melissa Lake (No 9-18),,50B 05-0390 00,46,95,,,,,,44,,,,,123,,,,,1938,,,,,,,,,,,,,,,Pelican River,Minnesota Department of Conserv,,,,,,,,,,,,,,,,,,,,,,,,
Mille Lacs Lake,,SAH 05-2840 00,46,935,,,,,,44,,,,,400,,,,,1939,,,,,,,,,,,,,,,Rum River,State of Minnesota,,,,,,,,,,,,,,,,,,,,,,,,
Miltona Lake (No 6-15),,SAD 05-2446 30,46,95,,,,,,44,,,,,35,,,,,1938,,,,,,,,,,,,,,,Miltona Lake Outlet,Minnesota Department of Conserv,,,,,,,,,,,,,,,,,,,,,,,,
Mud Lake,,SPA 05-0758 00,48,agé,,,,,,44,,,,,7200,,,,,1914,,,,,,,,,,,,,,,Thief River,US Sports Fisheries and Wildlife Service,,,,,,,,,,,,,,,,,,,,,,,,
Namakan Chain (Kettle Falls),,SNC 05-1294 00,46,95,,,,,,44,,,,,430,,,,,1938,,,,,,,,,,,,,,,Rainy River,Minnesota and Ontario Paper Co and Subsidiaries,,,,,,,,,,,,,,,,,,,,,,,,
Onamia Lake (No 7-7),,50B 05-0304 00,46,96,,,,,,44,,,,,1830,,,,,1953,,,,,,,,,,,,,,,Rum River,Minnesota Department of Conserv,,,,,,,,,,,,,,,,,,,,,,,,
Orwell,,SNB 05-1291 00,45,95,,,,,,44,,,,,40,,,,,1939,,,,,,,,,,,,,,,Otter Tail River,Corps of Engineers,,,,,,,,,,,,,,,,,,,,,,,,
Osakis Lake (No 7-23),,50B 05-0302 80,46,95,,,,,,44,,,,,1050,,,,,1937,,,,,,,,,,,,,,,Sauk River,Minnesota Department of Conserv,,,,,,,,,,,,,,,,,,,,,,,,
Otter Tail Lake (No 9-19),,SAC 05-2315 00,46,96,,,,,,44,,,,,214,,,,,1938,,,,,,,,,,,,,,,Otter Tail River,Minnesota Department of Conserv,,,,,,,,,,,,,,,,,,,,,,,,
Pelican Lake (No 9-36),,50B 05-0401 00,48,92,,,,,,44,,,,,70,,,,,19358,,,,,,,,,,,,,,,Pelican River,Pelican Lakes Village,,,,,,,,,,,,,,,,,,,,,,,,
Pelican Lake (No 16-4),,SAC 05-2305 00,46,94,,,,,,44,,,,,585,,,,,19358,,,,,,,,,,,,,,,Pelican River,Minnesota Department of Conserv,,,,,,,,,,,,,,,,,,,,,,,,
Pelican Lake (No 10-43),,SAB 05-2105 00,46,35,,,,,,44,,,,,562,,,,,1886,,,,,,,,,,,,,,,Pelican Lake diversion,Corps of Engineers,,,,,,,,,,,,,,,,,,,,,,,,
Pine Lake (No 9-20),,SAD 05-2436 00,46,94,,,,,,44,,,,,3265,,,,,1889,,,,,,,,,,,,,,,Otter Tail River,Corps of Engineers,,,,,,,,,,,,,,,,,,,,,,,,
Pine River,,SNC 05-1294 00,47,93,,,,,,44,,,,,210,,,,,1939,,,,,,,,,,,,,,,Pine River,Minnesota Department of Conserv,,,,,,,,,,,,,,,,,,,,,,,,
Pokegama,,SPA 05-0740 00,46,95,,,,,,44,,,,,14900,,,,,1903,,,,,,,,,,,,,,,Mississippi River,Minnesota and Ontario Paper Co and Subsidiaries,,,,,,,,,,,,,,,,,,,,,,,,
Potato Lake (No 12-17),,46,95,1950,,,,,,44,,,,,1931,,,,,Corps of Engineers,,,,,,,,,,,,,,,Fish Hook River,,,,,,,,,,,,,,,,,,,,,,,,,
Rainy Lake,,48,93,1791,,,,,,44,,,,,1938,,,,,PA ef,,,,,,,,,,,,,,,Rainy River,,,,,,,,,,,,,,,,,,,,,,,,,
Red Lake,,42,95,132520,,,,,,44,,,,,1939,,,,,PA ef,,,,,,,,,,,,,,,Red Lake River,,,,,,,,,,,,,,,,,,,,,,,,,
See footnotes at end of table,,45,5S,5322,,,,,,44,,,,,1938,,,,,PB,,,,,,,,,,,,,,,50B 05-0304 00,,,,,,,,,,,,,,,,,,,,,,,,,
50B 05-0401 00,,46,28120,1953,,,,,,44,,,,,PA ef,,,,,,,,,,,,,,,,,,,,08,,,,,,,,,,,,,,,,,,,,,,,,,
SAH 05-2844 80,,24,66600,1939,,,,,,44,,,,,PA,,,,,,,,,,,,,,,,,,,,02,,,,,,,,,,,,,,,,,,,,,,,,,
SOB 05-0459 50,,00,2856,1937,,,,,,44,,,,,PA,,,,,,,,,,,,,,,,,,,,20,,,,,,,,,,,,,,,,,,,,,,,,,
SAF 05-2701 00,,38,b1,110,,,,,,44,,,,,1938,,,,,PA,,,,,,,,,,,,,,,30,,,,,,,,,,,,,,,,,,,,,,,,,
50B 05-0302 80,,40,6587,19358,,,,,,44,,,,,PB,,,,,,,,,,,,,,,,,,,,oS,,,,,,,,,,,,,,,,,,,,,,,,,
SAC 05-2305 00,,il,14745,19358,,,,,,44,,,,,PA,,,,,,,,,,,,,,,,,,,,13,,,,,,,,,,,,,,,,,,,,,,,,,
SAB 05-2105 00,,os,4200,1886,,,,,,44,,,,,VLOSUNNIW NI SUYIOANSSHY,,,,,,,,,,,,,,,,,,,,54,,,,,,,,,,,,,,,,,,,,,,,,,
SAD 05-2436 00,,44,11800,1889,,,,,,44,,,,,6S,,,,,,,,,,,,,,,,,,,,22,,,,,,,,,,,,,,,,,,,,,,,,,
SNC 05-1294 00,,o1,9835,1939,,,,,,44,,,,,Minnesota Depart- ment of Conserv,,,,,,,,,,,,,,,,,,,,40,,,,,,,,,,,,,,,,,,,,,,,,,
SPA 05-0740 00,,50,4820,1903,,,,,,44,,,,,Minnesota Depart- ment of Conserv,,,,,,,,,,,,,,,,,,,,02,,,,,,,,,,,,,,,,,,,,,,,,,
46,,15190,1931,Minnesota Depart- ment of Conserv,,,,,,44,,,,,,,,,,,,,,,,,,,,,,,,,95,,,,,,,,,,,,,,,,,,,,,,,,,
48,,22080,1938,Minnesota Depart- ment of Conserv,,,,,,44,,,,,,,,,,,,,,,,,,,,,,,,,93,,,,,,,,,,,,,,,,,,,,,,,,,
42,,2054,1939,Minnesota Depart- ment of Conserv,,,,,,44,,,,,,,,,,,,,,,,,,,,,,,,,95,,,,,,,,,,,,,,,,,,,,,,,,,
45,,221000,1938,Minnesota Depart- ment of Conserv,,,,,,44,,,,,,,,,,,,,,,,,,,,,,,,,5S,,,,,,,,,,,,,,,,,,,,,,,,,
08,,288800,1953,Minnesota Depart- ment of Conserv,,,,,,44,,,,,,,,,,,,,,,,,,,,,,,,,46,,,,,,,,,,,,,,,,,,,,,,,,,
02,,2686,1939,Minnesota Depart- ment of Conserv,,,,,,44,,,,,,,,,,,,,,,,,,,,,,,,,24,,,,,,,,,,,,,,,,,,,,,,,,,
20,,3700000,1937,Minnesota Depart- ment of Conserv,,,,,,44,,,,,,,,,,,,,,,,,,,,,,,,,00,,,,,,,,,,,,,,,,,,,,,,,,,
30,,142600,1938,Minnesota Depart- ment of Conserv,,,,,,44,,,,,,,,,,,,,,,,,,,,,,,,,38,,,,,,,,,,,,,,,,,,,,,,,,,
oS,,210,19358,Minnesota Depart- ment of Conserv,,,,,,44,,,,,,,,,,,,,,,,,,,,,,,,,40,,,,,,,,,,,,,,,,,,,,,,,,,
13,,19702,19358,Minnesota Depart- ment of Conserv,,,,,,44,,,,,,,,,,,,,,,,,,,,,,,,,il,,,,,,,,,,,,,,,,,,,,,,,,,
54,,3965000,1886,Minnesota Depart- ment of Conserv,,,,,,44,,,,,,,,,,,,,,,,,,,,,,,,,os,,,,,,,,,,,,,,,,,,,,,,,,,
22,,43730,1889,Minnesota Depart- ment of Conserv,,,,,,44,,,,,,,,,,,,,,,,,,,,,,,,,44,,,,,,,,,,,,,,,,,,,,,,,,,
40,,20400,1939,Minnesota Depart- ment of Conserv,,,,,,44,,,,,,,,,,,,,,,,,,,,,,,,,o1,,,,,,,,,,,,,,,,,,,,,,,,,
02,,34420,1903,Minnesota Depart- ment of Conserv,,,,,,44,,,,,,,,,,,,,,,,,,,,,,,,,50,,,,,,,,,,,,,,,,,,,,,,,,,
37,,8216,1931,Minnesota Depart- ment of Conserv,,,,,,44,,,,,,,,,,,,,,,,,,,,,,,,,11,,,,,,,,,,,,,,,,,,,,,,,,,
36,,3270000,1938,Minnesota Depart- ment of Conserv,,,,,,44,,,,,,,,,,,,,,,,,,,,,,,,,30,,,,,,,,,,,,,,,,,,,,,,,,,
40,,p13, 790,1939,,,,,,44,,,,,Minnesota Depart- ment of Conserv,,,,,,,,,,,,,,,,,,,,O7,,,,,,,,,,,,,,,,,,,,,,,,,
16,,265 ,000,1937,,,,,,44,,,,,Minnesota Depart- ment of Conserv,,,,,,,,,,,,,,,,,,,,35,,,,,,,,,,,,,,,,,,,,,,,,,
so,,a6,920,1938,,,,,,44,,,,,Minnesota Depart- ment of Conserv,,,,,,,,,,,,,,,,,,,,02,,,,,,,,,,,,,,,,,,,,,,,,,
36,,49730,1939,Minnesota Depart- ment of Conserv,,,,,,44,,,,,,,,,,,,,,,,,,,,,,,,,24,,,,,,,,,,,,,,,,,,,,,,,,,
S7,,575700,1938,Minnesota Depart- ment of Conserv,,,,,,44,,,,,,,,,,,,,,,,,,,,,,,,,17,,,,,,,,,,,,,,,,,,,,,,,,,
a7 ,,1939,Minnesota Depart- ment of Conserv,,,,,,,44,,,,,,,,,,,,,,,,,,,,,,,,,080,,,,,,,,,,,,,,,,,,,,,,,,,
b19,,1938,Minnesota Depart- ment of Conserv,,,,,,,44,,,,,,,,,,,,,,,,,,,,,,,,,400,,,,,,,,,,,,,,,,,,,,,,,,,
13,,1939,Minnesota Depart- ment of Conserv,,,,,,,44,,,,,,,,,,,,,,,,,,,,,,,,,065,,,,,,,,,,,,,,,,,,,,,,,,,
b34,,1938,Minnesota Depart- ment of Conserv,,,,,,,44,,,,,,,,,,,,,,,,,,,,,,,,,969,,,,,,,,,,,,,,,,,,,,,,,,,
all,,1939,Minnesota Depart- ment of Conserv,,,,,,,44,,,,,,,,,,,,,,,,,,,,,,,,,700,,,,,,,,,,,,,,,,,,,,,,,,,
b39,,1938,Minnesota Depart- ment of Conserv,,,,,,,44,,,,,,,,,,,,,,,,,,,,,,,,, 769,,,,,,,,,,,,,,,,,,,,,,,,,
d34,,1939,Minnesota Depart- ment of Conserv,,,,,,,44,,,,,,,,,,,,,,,,,,,,,,,,,420,,,,,,,,,,,,,,,,,,,,,,,,,
15,,1938,Minnesota Depart- ment of Conserv,,,,,,,44,,,,,,,,,,,,,,,,,,,,,,,,,788,,,,,,,,,,,,,,,,,,,,,,,,,
118,,1939,Minnesota Depart- ment of Conserv,,,,,,,44,,,,,,,,,,,,,,,,,,,,,,,,,710,,,,,,,,,,,,,,,,,,,,,,,,,
81,,1938,Minnesota Depart- ment of Conserv,,,,,,,44,,,,,,,,,,,,,,,,,,,,,,,,,720,,,,,,,,,,,,,,,,,,,,,,,,,
8,,1939,Minnesota Depart- ment of Conserv,,,,,,,44,,,,,,,,,,,,,,,,,,,,,,,,,216,,,,,,,,,,,,,,,,,,,,,,,,,
734,,1938,Minnesota Depart- ment of Conserv,,,,,,,44,,,,,,,,,,,,,,,,,,,,,,,,,500,,,,,,,,,,,,,,,,,,,,,,,,,
1,,000,1939,Minnesota Depart- ment of Conserv,,,,,,44,,,,,,,,,,,,,,,,,,,,,,,,,905,,,,,,,,,,,,,,,,,,,,,,,,,
bd7,,Minnesota Depart- ment of Conserv,,,,,,,,44,,,,,,,,,,,,,,,,,,,,,,,,,1938,,,,,,,,,,,,,,,,,,,,,,,,,
CR,,Minnesota Depart- ment of Conserv,,,,,,,,44,,,,,,,,,,,,,,,,,,,,,,,,,1939,,,,,,,,,,,,,,,,,,,,,,,,,
NPR,,Minnesota Depart- ment of Conserv,,,,,,,,44,,,,,,,,,,,,,,,,,,,,,,,,,1938,,,,,,,,,,,,,,,,,,,,,,,,,
CR,,Minnesota Depart- ment of Conserv,,,,,,,,44,,,,,,,,,,,,,,,,,,,,,,,,,1939,,,,,,,,,,,,,,,,,,,,,,,,,
CR,,Minnesota Depart- ment of Conserv,,,,,,,,44,,,,,,,,,,,,,,,,,,,,,,,,,1938,,,,,,,,,,,,,,,,,,,,,,,,,
CR,,Minnesota Depart- ment of Conserv,,,,,,,,44,,,,,,,,,,,,,,,,,,,,,,,,,1939,,,,,,,,,,,,,,,,,,,,,,,,,
CR,,Minnesota Depart- ment of Conserv,,,,,,,,44,,,,,,,,,,,,,,,,,,,,,,,,,1938,,,,,,,,,,,,,,,,,,,,,,,,,
CR,,Minnesota Depart- ment of Conserv,,,,,,,,44,,,,,,,,,,,,,,,,,,,,,,,,,1939,,,,,,,,,,,,,,,,,,,,,,,,,
FMNR,,Minnesota Depart- ment of Conserv,,,,,,,,44,,,,,,,,,,,,,,,,,,,,,,,,,1938,,,,,,,,,,,,,,,,,,,,,,,,,
cR,,Minnesota Depart- ment of Conserv,,,,,,,,44,,,,,,,,,,,,,,,,,,,,,,,,,1939,,,,,,,,,,,,,,,,,,,,,,,,,
NPR,,"Minnesota Depart- ment of Conserv""",,,,,,,,44,,,,,,,,,,,,,,,,,,,,,,,,,1938,,,,,,,,,,,,,,,,,,,,,,,,,
MONTANA,,,,,,,,,,47,,,,,,,,,,,,East Fork Rock Creek (Flint Creek Dam) 12-3325,,,,,,IR,,,,,,,,,12BD,46 08 00 113 23,30,1040,42060,16040,< 05,1937,Flint Creek Water Users Assoc,,,,,,,,,,,,,,,
MONTANA,,,,,,,,,,47,,,,,,,,,,,,Ennis Lake Madison River 06-0405,,,,,,PR,,,,,,,,,6AL,45 28 00 111 38,2181,617000,19410000,2192000,20,1900,Montana Power Co,,,,,,,,,,,,,,,
MONTANA,,,,,,,,,,47,,,,,,,,,,,,Flathead Lake (Kerr Dam) Flathead River 12-3710,,,,,,19358,,,,,,,,,12CF,48 04 00 114 14,7086,1860,129100,7010,FIPR,Montana Power Co,,,,,,,,,,,,,,,,
MONTANA,,,,,,,,,,47,,,,,,,,,,,,Fort Peck Missouri River 06-1315,,,,,,1939,,,,,,,,,6CK,48 00 00 106 24,57500,46610,105000,127200,FINPR,Corps of Engineers,,,,,,,,,,,,,,,,
MONTANA,,,,,,,,,,47,,,,,,,,,,,,Four Horns Badger Creek of 06-0930,,,,,,1932,,,,,,,,,6BR,48 21 00 112 42,2200,7340,98230,31040,IR,Bureau of Indian Affairs,,,,,,,,,,,,,,,,
MONTANA,,,,,,,,,,47,,,,,,,,,,,,Frenchman Frenchman River 06-1643,,,,,,1952,,,,,,,,,6DI,48 42 00 107 14,3766,158500,384800,377500,PRW,Montana State Water Conserv Board,,,,,,,,,,,,,,,,
MONTANA,,,,,,,,,,47,,,,,,,,,,,,Fresno Milk River 06-1365,,,,,,1939,,,,,,,,,6DB,48 36 00 109 57,50,40140,240400,85200,IR,Bureau of Reclamation,,,,,,,,,,,,,,,,
MONTANA,,,,,,,,,,47,,,,,,,,,,,,Georgetown Lake Flint Creek 12-3250,,,,,,1905,,,,,,,,,12BC,46 13 00 113 17,575,70,12100,12100,PR,Montana Power Co,,,,,,,,,,,,,,,,
MONTANA,,,,,,,,,,47,,,,,,,,,,,,Gibson Sun River 06-0795,,,,,,1929,,,,,,,,,6BK,47 36 00 112 46,16876,3468000,8420,8350,FIP,Greenfields Irrigation District,,,,,,,,,,,,,,,,
MONTANA,,,,,,,,,,47,,,,,,,,,,,,Hauser Lake Missouri River 06-0650,,,,,,1911,,,,,,,,,6BC,46 46 00 111 54,904,1915000,2982000,2982000,PR,Montana Power Co,,,,,,,,,,,,,,,,
MONTANA,,,,,,,,,,47,,,,,,,,,,,,Hebgen Madison River 06-0380,,,,,,1915,,,,,,,,,6AK,44 52 00 111 20,17149,105000,105000,105000,PR,Montana Power Co,,,,,,,,,,,,,,,,
MONTANA,,,,,,,,,,47,,,,,,,,,,,,Holter Missouri River 06-0660,,,,,,1918,,,,,,,,,6BD,46 59 00 112 01,114,42550,42550,42550,PR,Montana Power Co,,,,,,,,,,,,,,,,
MONTANA,,,,,,,,,,47,,,,,,,,,,,,Hubbart Little Bitterroot River 12-3735,,,,,,1925,,,,,,,,,12CG,47 56 00 114 44,1654,377500,377500,377500,FIP,Bureau of Indian Affairs,,,,,,,,,,,,,,,,
MONTANA,,,,,,,,,,47,,,,,,,,,,,,Hungry Horse South Pork Flathead River 12-3620,,,,,,1952,,,,,,,,,12cD,48 20 00 114 02,442,5200,12100,2982000,PR,Bureau of Reclamation,,,,,,,,,,,,,,,,
MONTANA,,,,,,,,,,47,,,,,,,,,,,,Kicking Horse Crow Creek ef 12-3797,,,,,,1930,,,,,,,,,12CH,47 27 00 114 05,3800,2982000,2982000,2982000,PR,"Bureau of Indian Affairs""",,,,,,,,,,,,,,,,
,Plat River,iFF,Fruit of the Loom,41,,,,,60,74,,,,,7,,,Rhode Island,,01-1159,,,,,,,,,,,,,,,,,,,,,,,,,,Flat River,,,,,,,,,,,,,,
,North Branch Pawtuxet River,iFF,City of Providence,41,,,,,50,74,,,,,71,,,Rhode Island,,01-1154,,,,,,,,,,,,,,,,,,,,,,,,,,Scituate,,,,,,,,,,,,,,
,Savannah River,2JH,Corps of Engineers,35,,,,,00,74,,,,,82,,,South Carolina,,02-1945,,,,,,,,,,,,,,,,,,,,,,,,,,Clark Hill,,,,,,,,,,,,,,
,Catawba River,2Gc,Duke Power Co,34,,,,,30,74,,,,,80,,,South Carolina,,02-1473,,,,,,,,,,,,,,,,,,,,,,,,,,Fishing Creek,,,,,,,,,,,,,,
,Savannah River,2Jc,Corps of Engineers,34,,,,,50,74,,,,,82,,,South Carolina,,02-1872,,,,,,,,,,,,,,,,,,,,,,,,,,Hartwell,,,,,,,,,,,,,,
,Buzzards Roost Dam,2GL,Greenwood County Elec Power Comm,34,,,,,00,74,,,,,81,,,South Carolina,,02-1665,,,,,,,,,,,,,,,,,,,,,,,,,,Lake Greenwood,,,,,,,,,,,,,,
,Santee River,2HB,South Carolina Public Service Authority,33,,,,,00,74,,,,,80,,,South Carolina,,02-1710,,,,,,,,,,,,,,,,,,,,,,,,,,Lake Marion,,,,,,,,,,,,,,
,Santee River,2HC,South Carolina Public Service Authority,33,,,,,00,74,,,,,80,,,South Carolina,,02-1720,,,,,,,,,,,,,,,,,,,,,,,,,,Lake Moultrie,,,,,,,,,,,,,,
,Saluda River,2GL,South Carolina Elec and Gas Co,34,,,,,00,74,,,,,81,,,South Carolina,,02-1685,,,,,,,,,,,,,,,,,,,,,,,,,,Lake Murray,,,,,,,,,,,,,,
,Black Creek,2FG,Carolina Power and Light Co,34,,,,,09,74,,,,,80,,,South Carolina,,02-1309,,,,,,,,,,,,,,,,,,,,,,,,,,Lake Robinson,,,,,,,,,,,,,,
,Rocky River,2IC,City of Abbeville,34,,,,,50,74,,,,,82,,,South Carolina,,02-1879,,,,,,,,,,,,,,,,,,,,,,,,,,Lake Secession,,,,,,,,,,,,,,
,Catawba River,2ac,Duke Power Co,35,,,,,33,74,,,,,81,,,South Carolina,,02-1459,,,,,,,,,,,,,,,,,,,,,,,,,,Lake Wylie,,,,,,,,,,,,,,
,North Saluda River,2GK,City of Greenville,35,,,,,25,74,,,,,82,,,South Carolina,,02-1623,,,,,,,,,,,,,,,,,,,,,,,,,,North Saluda,,,,,,,,,,,,,,
,Savannah River,aad,South Carolina Elec and Gas Co,33,,,,,50,74,,,,,82,,,South Carolina,,02-1964,,,,,,,,,,,,,,,,,,,,,,,,,,Stevens Creek,,,,,,,,,,,,,,
,South Saluda River,26K,City of Greenville,35,,,,,70,74,,,,,82,,,South Carolina,,02-1620,,,,,,,,,,,,,,,,,,,,,,,,,,Table Rock,,,,,,,,,,,,,,
,Tugalo River,2JB,Georgia Power Co,34,,,,,00,74,,,,,83,,,South Carolina,,02-1816,,,,,,,,,,,,,,,,,,,,,,,,,,Tugalo,,,,,,,,,,,,,,
,Wateree River,e2GD,Duke Power Co,34,,,,,00,74,,,,,"80""",,,South Carolina,,02-1479,,,,,,,,,,,,,,,,,,,,,,,,,,Wateree,,,,,,,,,,,,,,
,,,103 26,44,,,,,,75,,,,,,,,SOUTH DAKOTA,,,,,,,,160100,,,,,,,,,,,,,,,,,,,Bureau of Reclamation,,Angostura,Cheyenne River,6KH 06-4010,249330,156300,,,,,,,,,
,,,103 40,44,,,,,,75,,,,,,,,SOUTH DAKOTA,,,,,,,,192000,,,,,,,,,,,,,,,,,,,Bureau of Reclamation,,Belle Fourche (formerly Orman),Belle Fourche River c/,6KD 06-4350,NA,185200,,,,,,,,,
,,,99 03,47,,,,,,75,,,,,,,,SOUTH DAKOTA,,,,,,,,1900000,,,,,,,,,,,,,,,,,,,Corps of Engineers,,Big Bend,Missouri River,6LC 06-4427,NA,1516000,,,,,,,,,
,,,103 02,44,,,,,,75,,,,,,,,SOUTH DAKOTA,,,,,,,,15718,,,,,,,,,,,,,,,,,,,Bureau of Reclamation,,Deerfield,Castle Creek,6KH 06-4095,9520,15153,,,,,,,,,
,,,98 04,33,,,,,,75,,,,,,,,SOUTH DAKOTA,,,,,,,,6093000,,,,,,,,,,,,,,,,,,,Corps of Engineers,,Fort Randall,Missouri River,6LH 06-4525,263500,6095000,,,,,,,,,
,,,NA,80,,,,,,75,,,,,,,,SOUTH DAKOTA,,,,,,,,12660,,,,,,,,,,,,,,,,,,,Forest Service,,Lake Sheridan,Spring Creek,6KH 06-4069,7450,NA,,,,,,,,,
,,,96 52,34,,,,,,75,,,,,,,,SOUTH DAKOTA,,,,,,,,249500,,,,,,,,,,,,,,,,,,,Corps of Engineers,,Lake Traverse (White Rock Dam),Boise de Sioux River,SOA 05-0499,1160,137000,,,,,,,,,
,,,97 29,29,,,,,,75,,,,,,,,SOUTH DAKOTA,,,,,,,,541000,,,,,,,,,,,,,,,,,,,Corps of Engineers,,Lewis and Clark Lake (Gavins Point Dam),Missouri River,6LN 06-4670,279500,523000,,,,,,,,,
,,,98 44,01,,,,,,75,,,,,,,,SOUTH DAKOTA,,,,,,,,10560,,,,,,,,,,,,,,,,,,,City of Mitchell,,Mitchell,Firesteel Creek,6LR 06-4776,584,8260,,,,,,,,,
,,,NA,80,,,,,,75,,,,,,,,SOUTH DAKOTA,,,,,,,,23630000,,,,,,,,,,,,,,,,,,,Corps of Engineers,,Oahe,Missouri River,6LA 06-4399,NA,23628000,,,,,,,,,
,,,NA,00,,,,,,75,,,,,,,,SOUTH DAKOTA,,,,,,,,99100,,,,,,,,,,,,,,,,,,,Bureau of Reclamation,,Pactola,Rapid Creek,6KH 06-4110,NA,98960,,,,,,,,,
,,,NA,00,,,,,,75,,,,,,,,SOUTH DAKOTA,,,,,,,,140000,,,,,,,,,,,,,,,,,,,Bureau of Reclamation,,Shadehill,Grand River,6JV 06-3570,NA,81400,,,,,,,,,
,,,82 36,26,,,,,,75,,,,,,,,TENNESSEE,,,,,,,,2092000,,,,,,,,,,,,,,,,,,,Tennessee Valley Authority,,Boone Lake,South Fork Holston River,3TB 03-4868,1840,1254000,,,,,,,,,
,,,85 36,26,,,,,,75,,,,,,,,TENNESSEE,,,,,,,,104000,,,,,,,,,,,,,,,,,,,Corps of Engineers,,Center Hill,Caney Fork,3RM 03-4240,NA,19800,,,,,,,,,
,,,87 06,50,,,,,,75,,,,,,,,TENNESSEE,,,,,,,,NA,,,,,,,,,,,,,,,,,,,"Corps of Engineers""",,Cheatham Lake,Cumberland River,3S¢ 03-4349,NA,NA,,,,,,,,,
Porcupine,,10HC,,,,,,,Paradise Irrigation Co,86,,,,,,,1962,,,,,,,,,,,,,,,,,,,,,,,,,,,,,,,,,,,East Fork Little Bear Creek,31 45,,,,,,,
Red Creek,,9BB,,,,,,,Red Creek Irrigation Co,86,,,,,,,1960,,,,,,,,,,,,,,,,,,,,,,,,,,,,,,,,,,,Red Creek,18 51,,,,,,,
Rockport Lake,,1OHE,,,,,,,Bureau of Reclamation,86,,,,,,,1957,,,,,,,,,,,,,,,,,,,,,,,,,,,,,,,,,,,Weber River,47 84,,,,,,,
Rockyford,,10JF,,,,,,,Beaver County Irrigation Co,86,,,,,,,1914,,,,,,,,,,,,,,,,,,,,,,,,,,,,,,,,,,,Beaver River,13 50,,,,,,,
Seipio Lake,,10JF,,,,,,,Scipio Irrigation Co,86,,,,,,,1936,,,,,,,,,,,,,,,,,,,,,,,,,,,,,,,,,,,Ivie Creek,07 03,,,,,,,
Scofield,,SBI,,,,,,,Bureau of Reclamation,86,,,,,,,1926,,,,,,,,,,,,,,,,,,,,,,,,,,,,,,,,,,,Price River,47 08,,,,,,,
Sevier Bridge,,10JE,,,,,,,Sevier Bridge Reservoir Co,86,,,,,,,1904,,,,,,,,,,,,,,,,,,,,,,,,,,,,,,,,,,,Sevier River,22 02,,,,,,,
Steinaker,,SBE,,,,,,,Strawberry Water Users Assoc,86,,,,,,,1961,,,,,,,,,,,,,,,,,,,,,,,,,,,,,,,,,,,Ashley Creek,30 32,,,,,,,
Strawberry,,9BB,,,,,,,Associated Canal Cos,86,,,,,,,1913,,,,,,,,,,,,,,,,,,,,,,,,,,,,,,,,,,,Strawberry River,10 11,,,,,,,
Utah Lake,,10OHP,,,,,,,Corps of Engineers,86,,,,,,,1885,,,,,,,,,,,,,,,,,,,,,,,,,,,,,,,,,,,Jordan River,22 54,,,,,,,
Ball Mountain,,1GH,,,,,,,Central Vermont Public Serv Corp,86,,,,,,,1961,,,,,,,,,,,,,,,,,,,,,,,,,,,,,,,,,,,West River,08 46,,,,,,,
Bomoseen,,4PD,,,,,,,Central Vermont Public Serv Corp,86,,,,,,,1948,,,,,,,,,,,,,,,,,,,,,,,,,,,,,,,,,,,Castleton River tributary,36 14,,,,,,,
Chittenden,,4PF,,,,,,,New England Power Co,86,,,,,,,1930,,,,,,,,,,,,,,,,,,,,,,,,,,,,,,,,,,,East Creek,43 55,,,,,,,
Comerford Station Pond,,1GB,,,,,,,State of Vermont,86,,,,,,,1935,,,,,,,,,,,,,,,,,,,,,,,,,,,,,,,,,,,Connecticut River,20 00,,,,,,,
East Barre Detention,,4PG,,,,,,,Village of Morrisville,86,,,,,,,1947,,,,,,,,,,,,,,,,,,,,,,,,,,,,,,,,,,,Jail Branch,09 27,,,,,,,
Green River,,4PH,,,,,,,New England Power Co,86,,,,,,,1924,,,,,,,,,,,,,,,,,,,,,,,,,,,,,,,,,,,Green River,37 32,,,,,,,
Harriman (Davis Bridge),,1GL,,,,,,,New England Power Co,86,,,,,,,1956,,,,,,,,,,,,,,,,,,,,,,,,,,,,,,,,,,,Deerfield River,48 54,,,,,,,
Littleton Development (Samuel C Moore Dam),,1GB,,,,,,,"New England Power Co""",86,,,,,,,--,,,,,,,,,,,,,,,,,,,,,,,,,,,,,,,,,,,Connecticut River,20 52,,,,,,,
,,,,,,,,,,87,,,,,,,,,,,,,,,,,,P,,Mollys Falls,,,,1500,,,,,,,,,,,,VERMONT,,,,,,,,Mollys Brook,04-2829.50,1926,Green Mountain Power Corp,PA,,
,,,,,,,,,,87,,,,,,,,,,,,,,,,,,FR,,North Hartland,,,,132000,,,,,,,,,,,,VERMONT,,,,,,,,Ottauquechee River,01-1514 00,1961,Corps of Engineers,PA,,
,,,,,,,,,,87,,,,,,,,,,,,,,,,,,FR,,North Springfield,,,,150,,,,,,,,,,,,VERMONT,,,,,,,,Black River,01-1529 00,1960,Corps of Engineers,PA,,
,,,,,,,,,,87,,,,,,,,,,,,,,,,,,P,,Somerset,,,,697900,,,,,,,,,,,,VERMONT,,,,,,,,East Branch Deerfield River,O1-1674 90,1913,New England Power Co,PA,,
,,,,,,,,,,87,,,,,,,,,,,,,,,,,,FR,,Townshend,,,,19800,,,,,,,,,,,,VERMONT,,,,,,,,West River,01-1559 00,1961,Corps of Engineers,PA,,
,,,,,,,,,,87,,,,,,,,,,,,,,,,,,FR,,Union Village,,,,232000,,,,,,,,,,,,VERMONT,,,,,,,,Ompompancosuc River,01-1410 00,1949,Corps of Engineers,PA,,
,,,,,,,,,,87,,,,,,,,,,,,,,,,,,FP,,Waterbury,,,,5210,,,,,,,,,,,,VERMONT,,,,,,,,Little River,04-2885 00,1938,State of Vermont,PA,,
,,,,,,,,,,87,,,,,,,,,,,,,,,,,,F,,Wrightsville Detention,,,,2808400,,,,,,,,,,,,VERMONT,,,,,,,,North Branch Winooski River,04-2850 00,1935,State of Vermont,PA,,
,,,,,,,,,,87,,,,,,,,,,,,,,,,,,,,Carvins Cove,,,,10400,,,,,,,,,,,,VIRGINIA,,,,,,,,Carvins Creek,02-0553 00,1945,City of Roanoke,-,,
,,,,,,,,,,87,,,,,,,,,,,,,,,,,,,,Claytor Lake,,,,22000,,,,,,,,,,,,VIRGINIA,,,,,,,,New River,03-1690 00,1939,Appalachian Power Co,PA,,
,,,,,,,,,,87,,,,,,,,,,,,,,,,,,,,Cohoon Pond,,,,11300,,,,,,,,,,,,VIRGINIA,,,,,,,,Nansemond River,02-0428 00,1918,Portsmouth Water Department,-,,
,,,,,,,,,,87,,,,,,,,,,,,,,,,,,FNPRY,,John H Kerr,,,,18300,,,,,,,,,,,,VIRGINIA,,,,,,,,Roanoke River,02-0794 90,1952,Corps of Engineers,PA,,
,,,,,,,,,,87,,,,,,,,,,,,,,,,,,,,Lake Burnt Mills,,,,100000,,,,,,,,,,,,VIRGINIA,,,,,,,,Western Branch Everetts Creek,02-0428 50,1943,City of Norfolk,-,,
,,,,,,,,,,87,,,,,,,,,,,,,,,,,,,,Lake Drummond,,,,5060,,,,,,,,,,,,VIRGINIA,,,,,,,,Lake Drummond Outlet,02-0430 00,1936,Corps of Engineers,PA e/,,
,,,,,,,,,,87,,,,,,,,,,,,,,,,,,,,Lake Prince,,,,2110500,,,,,,,,,,,,VIRGINIA,,,,,,,,Exchange Creek,02-0428 70,1922,City of Norfolk,"-""",,
,,,,,,,,,Corps of Engineers,91,,,,,,,,WEST VIRGINIA,,,,,,,,,,2,F,,,,,9178,,,New River 03-1798,,,,,,621000,1952,,,Bluestone,,,,,,,,,,,,3FD,631000
,,,,,,,,,Corps of Engineers,91,,,,,,,,WEST VIRGINIA,,,,,,,,,,3,FYR,,,,,3875,,,Elk River 03-1954,,,,,,261200,1960,,,Sutton,,,,,,,,,,,,3FL,265300
,,,,,,,,,Corps of Engineers,91,,,,,,,,WEST VIRGINIA,,,,,,,,,,2,FNR,,,,,3430,,,Tygart River 03-0555,,,,,,287700,1938,,,Tygart Lake,,,,,,,,,,,,3BB,287700
,,,,,,,,,Wisconsin Public,91,,,,,,,,WISCONSIN,,,,,,,,,,-,P,,,,,803,,,Wisconsin River 05-3941,,,,,,-,1924,,,Alexander,,,,,,,,,,,,SEB,-
,,,,,,,,,Eau Claire County,91,,,,,,,,WISCONSIN,,,,,,,,,,-,R,,,,,947,,,Eau Claire River 05-3665,,,,,,-,1939,,,Altoona Lake,,,,,,,,,,,,SCK,10000
,,,,,,,,,Northern States,91,,,,,,,,WISCONSIN,,,,,,,,,,-,P,,,,,2055,,,Bear Creek,,,,,,-,1880,,,Bear Lake,,,,,,,,,,,,-,3500
,,,,,,,,,City of Beaverdam,91,,,,,,,,WISCONSIN,,,,,,,,,,-,R,,,,,5440,,,Beaverdam River 05-4259,,,,,,1,1840,,,Beaverdam Lake,,,,,,,,,,,,SFD,5000
,,,,,,,,,Wisconsin Valley,91,,,,,,,,WISCONSIN,,,,,,,,,,-,P,,,,,6998,,,Big Eau Pleine River 05-3996,,,,,,102300,1937,,,Big Eau Pleine,,,,,,,,,,,,5EC,102300
,,,,,,,,,Northern States,91,,,,,,,,WISCONSIN,,,,,,,,,,-,PR,,,,,3400,,,Red Cedar River 05-3671,,,,,,18110,1882,,,Birch Lake,,,,,,,,,,,,5CL,27345
,,,,,,,,,Consolidated Water,91,,,,,,,,WISCONSIN,,,,,,,,,,-,PW,,,,,2087,,,Wisconsin River 05-4007,,,,,,-,1887,,,Biron,,,,,,,,,,,,SEC,20000
,,,,,,,,,Wisconsin-Michigan,91,,,,,,,,WISCONSIN,,,,,,,,,,-,P,,,,,774,,,Brule River 04-0620,,,,,,-,1919,,,Brule,,,,,,,,,,,,4cd,18000
,,,,,,,,,Corps of Engineers,91,,,,,,,,WISCONSIN,,,,,,,,,,-,Cc,,,,,2370,,,Fox River 04-0729,,,,,,-,-,,,Buffalo Lake (Montello Dam),,,,,,,,,,,,4DC,-
,,,,,,,,,Wisconsin Valley,91,,,,,,,,WISCONSIN,,,,,,,,,,-,PR,,,,,7657,,,Eagle River 05-3903,,,,,,-,1908,,,Burnt Rollways,,,,,,,,,,,,SEA,-
,,,,,,,,,Wisconsin Public,91,,,,,,,,WISCONSIN,,,,,,,,,,-,P,,,,,1212,,,Peshtigo River 04-0679,,,,,,-,1924,,,Caldron Falls,,,,,,,,,,,,4CM,-
,,,,,,,,,Wisconsin River,91,,,,,,,,WISCONSIN,,,,,,,,,,-,"PR""",,,,,16640,,,Wisconsin River 05-4032,,,,,,-,1950,,,Castle Rock,,,,,,,,,,,,SEE,175000
